Acheson & Glover Precast Ltd,06/11/2015,BT75,Solid Biomass Boiler,99,"£27,600.66"
Acheson & Glover Precast Ltd,06/11/2015,BT75,Solid Biomass Boiler,99,"£30,507.19"
Acheson & Glover Precast Ltd,06/11/2015,BT75,Solid Biomass Boiler,99,"£34,416.23"
Acheson & Glover Precast Ltd,13/07/2015,BT75,Solid Biomass Boiler,99,"£50,543.44"
Acheson & Glover Precast Ltd,13/07/2015,BT75,Solid Biomass Boiler,99,"£52,297.88"
Acheson & Glover Precast Ltd,13/07/2015,BT75,Solid Biomass Boiler,99,"£53,369.70"
Acheson & Glover Precast Ltd,13/07/2015,BT75,Solid Biomass Boiler,99,"£53,475.84"
ACL Developments Ltd,06/11/2015,BT80,Solid Biomass Boiler,43,"£7,209.13"
Agricultural and Industrial Services 2012 Limited,09/11/2015,BT62,Solid Biomass Boiler,99,"£21,627.16"
Alexander Scott & Son Ltd,31/07/2015,BT46,Solid Biomass Boiler,99,"£9,504.53"
All Spares ATVs Ltd,15/10/2014,BT70,Solid Biomass Boiler,99,"£46,174.37"
All Spares ATVs Ltd,30/09/2015,BT70,Solid Biomass Boiler,99,"£28,484.74"
Alternative Heat Ltd,23/01/2013,BT31,Solid Biomass Boiler,75,"£6,995.34"
Alternative Heat Ltd,10/02/2016,BT31,Solid Biomass Boiler,199,"£7,099.18"
Alternative Heat Ltd,10/06/2015,BT31,Solid Biomass Boiler,99,"£14,937.99"
Altmor Limited T/A Valleyview Enterprises - Pig Unit,14/10/2015,BT81,Solid Biomass Boiler,95,"£30,440.15"
Altmore Farm Ltd,20/10/2015,BT70,Solid Biomass Boiler,99,"£45,866.87"
Altmore Farm Ltd,20/10/2015,BT70,Solid Biomass Boiler,99,"£44,786.34"
Altmore Farm Ltd,20/10/2015,BT70,Solid Biomass Boiler,99,"£43,032.60"
An Charraig Mhor GFC,27/10/2015,BT79,Solid Biomass Boiler,99,"£14,880.24"
Annagarvey Holdings Ltd,09/06/2015,BT77,Solid Biomass Boiler,65,"£8,333.41"
Antrim Estates Company,10/02/2016,BT44,Solid Biomass Boiler,195,"£11,958.15"
ARC Healthy Living Centre Ltd,02/07/2015,BT94,Solid Biomass Boiler,99,"£15,421.47"
Armagh Business Park Ltd,17/10/2015,BT60,Solid Biomass Boiler,99,"£30,909.58"
Armagh Cider Company Ltd,16/11/2015,BT62,Solid Biomass Boiler,99,"£9,826.61"
Armagh Cider Company Ltd,16/11/2015,BT62,Solid Biomass Boiler,99,"£17,365.98"
Augher Castle Limited,12/10/2015,BT77,Solid Biomass Boiler,99,"£15,097.56"
AWF Poultry Ltd,08/11/2015,BT78,Solid Biomass Boiler,99,"£16,194.13"
AWF Poultry Ltd,08/11/2015,BT78,Solid Biomass Boiler,99,"£17,084.47"
B P Mc Keefry Ltd,05/04/2014,BT46,Solid Biomass Boiler,99,"£34,067.13"
B.McCaffrey & Sons Ltd,10/10/2015,BT92,Solid Biomass Boiler,99,"£39,346.99"
Balcas Timber Ltd,02/11/2015,BT94,Solid Biomass Boiler,95,"£15,278.08"
Balcas Timber Ltd,27/02/2016,BT94,Solid Biomass Boiler,49,"£2,235.47"
Ballindarragh Poultry Farm Ltd,02/11/2014,BT60,Solid Biomass Boiler,99,"£55,137.33"
Ballindarragh Poultry Farm Ltd,02/11/2014,BT60,Solid Biomass Boiler,99,"£69,101.15"
Ballindarragh Poultry Farm Ltd,02/11/2014,BT60,Solid Biomass Boiler,99,"£73,523.77"
Ballindarragh Poultry Farm Ltd,02/11/2014,BT60,Solid Biomass Boiler,99,"£75,578.94"
Ballindarragh Poultry Farm Ltd,02/11/2014,BT60,Solid Biomass Boiler,99,"£76,055.34"
Ballindarragh Poultry Farm Ltd,02/11/2014,BT60,Solid Biomass Boiler,99,"£82,886.35"
Ballinderry Parish Church Hall,27/10/2015,BT28,Solid Biomass Boiler,40,"£7,128.37"
Ballyards Charitable Trust Ltd,14/07/2015,BT60,Solid Biomass Boiler,99,"£31,483.97"
Ballybrocky Poultry Farms Ltd,30/06/2015,BT61,Solid Biomass Boiler,99,"£40,249.13"
Ballybrocky Poultry Farms Ltd,30/06/2015,BT61,Solid Biomass Boiler,99,"£50,756.34"
Ballybrocky Poultry Farms Ltd,03/09/2015,BT61,Solid Biomass Boiler,99,"£39,211.95"
Ballybrocky Poultry Farms Ltd,03/09/2015,BT61,Solid Biomass Boiler,99,"£35,220.02"
,,,,,
Ballybrocky Poultry Farms Ltd,03/09/2015,BT61,Solid Biomass Boiler,99,"£32,711.03"
Ballybrocky Poultry Farms Ltd,03/09/2015,BT61,Solid Biomass Boiler,99,"£37,538.83"
Ballybrocky Poultry Farms Ltd,07/09/2015,BT61,Solid Biomass Boiler,99,"£35,887.69"
Ballybrocky Poultry Farms Ltd,07/09/2015,BT61,Solid Biomass Boiler,99,"£36,687.46"
Ballybrocky Poultry Farms Ltd,07/09/2015,BT61,Solid Biomass Boiler,99,"£38,370.56"
Ballycastle Homecare Ltd,03/11/2015,BT54,Solid Biomass Boiler,45,"£6,000.32"
Ballycastle Homecare Ltd,03/04/2013,BT54,Solid Biomass Boiler,99,"£26,159.07"
Ballyclare Golf Club,16/12/2013,BT39,Solid Biomass Boiler,97,"£58,093.46"
Ballyholland Development Association,20/10/2015,BT34,Solid Biomass Boiler,99,"£10,212.90"
Ballynakilly Ltd,10/05/2015,BT80,Solid Biomass Boiler,99,"£30,924.07"
Ballynakilly Ltd,10/05/2015,BT80,Solid Biomass Boiler,99,"£31,193.74"
Ballynakilly Ltd,10/05/2015,BT80,Solid Biomass Boiler,99,"£37,093.07"
Ballynakilly Ltd,18/03/2014,BT80,Solid Biomass Boiler,99,"£47,504.70"
Ballynakilly Ltd,21/06/2013,BT80,Solid Biomass Boiler,99,"£63,670.52"
Ballyrobert Service Station Ltd,11/12/2014,BT19,Solid Biomass Boiler,99,"£44,934.83"
Bangor Golf Club,11/11/2014,BT20,Solid Biomass Boiler,99,"£38,372.56"
Baronagh Ltd,10/11/2015,BT78,Solid Biomass Boiler,99,"£28,501.08"
Baronagh Ltd,10/11/2015,BT78,Solid Biomass Boiler,99,"£25,322.00"
Baronscourt Energy Ltd,07/11/2015,BT78,Solid Biomass Boiler,99,"£14,198.85"
Baronscourt Energy Ltd,09/02/2016,BT78,Solid Biomass Boiler,150,"£15,788.12"
Basil Knipe Electrics Ltd,30/06/2015,BT53,Solid Biomass Boiler,99,"£19,132.10"
B-Cam Poultry Ltd.,24/02/2016,BT79,Solid Biomass Boiler,199,"£8,806.74"
Bedeck Ltd,26/06/2015,BT67,Solid Biomass Boiler,99,"£29,068.25"
Bedeck Ltd,26/06/2015,BT67,Solid Biomass Boiler,99,"£31,350.46"
Bedeck Ltd,26/06/2015,BT67,Solid Biomass Boiler,99,"£27,988.36"
Bedeck Ltd,26/06/2015,BT67,Solid Biomass Boiler,99,"£11,947.14"
Bee Bee Farms Ltd,17/11/2015,BT63,Solid Biomass Boiler,99,"£23,167.58"
Beechvale Nursing Home Ltd,26/03/2015,BT23,Solid Biomass Boiler,99,"£42,898.66"
Beggs and Partners Ballymena,14/02/2014,BT42,Solid Biomass Boiler,60,"£20,058.97"
Belfast Health & Social Care Trust,10/06/2015,BT09,Solid Biomass Boiler,99,"£47,997.81"
Belfast Indoor Bowls Club,20/08/2014,BT08,Solid Biomass Boiler,99,"£28,374.60"
BF Mulholland Ltd,08/09/2015,BT29,Solid Biomass Boiler,99,"£14,759.93"
Blakely McCartney Ltd,19/12/2014,BT74,Solid Biomass Boiler,99,"£26,127.86"
BMS Technology Ltd,05/01/2015,BT25,Solid Biomass Boiler,35,"£15,329.98"
Bondelivery NI Ltd,14/01/2015,BT29,Solid Biomass Boiler,99,"£28,208.30"
Bondelivery NI Ltd,14/01/2015,BT29,Solid Biomass Boiler,99,"£29,111.30"
Bondelivery NI Ltd,14/01/2015,BT29,Solid Biomass Boiler,99,"£53,967.56"
Bondelivery NI Ltd,14/01/2015,BT29,Solid Biomass Boiler,99,"£25,194.68"
BP Mc Keefry Ltd,26/10/2015,BT46,Solid Biomass Boiler,99,"£19,386.06"
BP McKeefry Developments Ltd,10/04/2015,BT46,Solid Biomass Boiler,99,"£45,278.75"
BP McKeefry Developments Ltd,26/10/2015,BT46,Solid Biomass Boiler,99,"£27,458.36"
Brantry Church,05/08/2015,BT70,Solid Biomass Boiler,80,"£15,291.60"
Bridge Mushrooms Ltd,29/02/2016,BT34,Solid Biomass Boiler,560,"£8,683.58"
Bridge Mushrooms Ltd,20/06/2013,BT34,Solid Biomass Boiler,99,"£56,751.14"
Bridge Mushrooms Ltd,20/06/2013,BT34,Solid Biomass Boiler,99,"£70,487.92"
Bridge Mushrooms Ltd,01/09/2013,BT34,Solid Biomass Boiler,99,"£85,823.50"
Brooklands Healthcare Ltd,26/02/2014,BT45,Solid Biomass Boiler,99,"£49,703.80"
Brooklands Healthcare Ltd,09/05/2014,BT45,Solid Biomass Boiler,99,"£53,177.76"
,,,,,
Broughshane Medical Practice,18/03/2015,BT42,Solid Biomass Boiler,99,"£6,630.37"
BS Holdings Ltd,26/11/2013,BT04,Solid Biomass Boiler,56,"£18,844.63"
BSD Training Ltd,01/11/2015,BT27,Solid Biomass Boiler,99,"£21,059.85"
Burrendale Hotel Ltd,31/10/2015,BT33,Solid Biomass Boiler,99,"£27,929.05"
Burrendale Hotel Ltd,31/10/2015,BT33,Solid Biomass Boiler,99,"£38,967.35"
Burrendale Hotel Ltd,31/10/2015,BT33,Solid Biomass Boiler,99,"£30,416.48"
Burrendale Hotel Ltd,31/10/2015,BT33,Solid Biomass Boiler,99,"£36,948.46"
Button Farm Mushrooms Ltd,02/06/2015,BT60,Solid Biomass Boiler,99,"£48,074.96"
C&L Mushrooms Ltd,06/01/2015,BT34,Solid Biomass Boiler,99,"£59,423.08"
C&L Mushrooms Ltd,30/05/2013,BT34,Solid Biomass Boiler,99,"£84,285.55"
C&L Mushrooms Ltd,02/09/2013,BT34,Solid Biomass Boiler,99,"£93,080.70"
C&L Mushrooms Ltd,29/02/2016,BT34,Solid Biomass Boiler,560,"£4,670.33"
Cabragh House Farm ltd,14/05/2015,BT61,Solid Biomass Boiler,99,"£52,265.70"
Cabragh House Farm ltd,14/05/2015,BT61,Solid Biomass Boiler,99,"£53,765.07"
Cabragh House Farm ltd,14/05/2015,BT61,Solid Biomass Boiler,99,"£51,638.53"
Cabragh House Farm ltd,14/05/2015,BT61,Solid Biomass Boiler,99,"£55,475.74"
Caldwell Steel Ltd,05/11/2015,BT81,Solid Biomass Boiler,99,"£15,049.94"
Caledon Estate Company,15/10/2015,BT68,Solid Biomass Boiler,99,"£37,363.29"
Camphill Community Clanabogan,08/11/2015,BT78,Solid Biomass Boiler,99,"£15,408.47"
Camphill Community Mourne Grange,05/08/2015,BT34,Solid Biomass Boiler,99,"£25,231.21"
Cap Farms Ltd,14/04/2015,BT71,Solid Biomass Boiler,99,"£64,290.15"
Cap Farms Ltd,14/04/2015,BT71,Solid Biomass Boiler,99,"£60,549.56"
Capper Trading Ltd,16/01/2015,BT71,Solid Biomass Boiler,99,"£37,295.28"
Capper Trading Ltd,16/01/2015,BT71,Solid Biomass Boiler,99,"£42,753.38"
Cardwell Brothers Engineering Ltd,30/10/2015,BT80,Solid Biomass Boiler,99,"£34,181.14"
Cardwell Brothers Engineering Ltd,04/11/2015,BT80,Solid Biomass Boiler,99,"£44,012.45"
Cardwell Brothers Engineering Ltd,07/11/2015,BT80,Solid Biomass Boiler,60,"£15,282.64"
Carella Laminate Systems Ltd,29/02/2016,BT47,Solid Biomass Boiler,160,"£6,908.97"
Carrickcloughan Farming Ltd,23/02/2016,BT35,Solid Biomass Boiler,199,"£12,002.50"
Cash Hill Farm Ltd,24/02/2016,BT94,Solid Biomass Boiler,198,"£5,561.82"
Catmar Holdings Ltd T/A Eddie's Crossroads Bar,27/10/2015,BT79,Solid Biomass Boiler,40,"£7,215.01"
Charles Hurst Ltd,07/08/2015,BT12,Solid Biomass Boiler,97,"£5,049.63"
Charles Hurst Ltd,26/10/2015,BT12,Solid Biomass Boiler,79,"£11,593.21"
Charles Hurst Ltd,22/10/2015,BT12,Solid Biomass Boiler,90,"£13,751.49"
Charles Hurst Ltd,20/01/2015,BT12,Solid Biomass Boiler,97,"£14,107.91"
Charles Hurst Ltd,21/10/2015,BT12,Solid Biomass Boiler,97,"£16,339.17"
Charles Hurst Ltd,02/04/2015,BT12,Solid Biomass Boiler,97,"£25,493.01"
Charles Hurst Ltd,09/02/2015,BT12,Solid Biomass Boiler,97,"£27,719.38"
Charles Hurst Ltd,07/02/2014,BT12,Solid Biomass Boiler,97,"£36,703.10"
Charles Hurst Ltd,15/03/2013,BT12,Solid Biomass Boiler,94,"£37,234.47"
Charles Hurst Ltd,03/07/2013,BT12,Solid Biomass Boiler,97,"£69,136.30"
CHP Mechanical Services Ltd,27/08/2014,BT33,Solid Biomass Boiler,25,"£9,011.06"
CHP Mechanical Services Ltd,22/09/2015,BT33,Solid Biomass Boiler,99,"£11,990.62"
Christian Family Centre NI Ltd.,26/05/2015,BT53,Solid Biomass Boiler,99,"£31,014.84"
Cirrus Property Developments Ltd,09/11/2015,BT71,Solid Biomass Boiler,80,"£7,657.13"
Clandeboye Golf Club,27/08/2014,BT23,Solid Biomass Boiler,99,"£18,845.09"
Clandeboye Golf Club,21/07/2015,BT23,Solid Biomass Boiler,80,"£30,772.07"
Classic Marble Ltd,22/01/2015,BT70,Solid Biomass Boiler,99,"£39,094.30"
,,,,,
Clinty Chemicals Limited,27/10/2014,BT43,Solid Biomass Boiler,99,"£62,572.80"
Cloncraig Electrical Ltd T/A JR Lighting,12/10/2015,BT34,Solid Biomass Boiler,90,"£15,893.35"
Cloughbane Farm Foods Ltd,29/02/2016,BT70,Solid Biomass Boiler,99,"£5,123.75"
CM Skips Limited,07/10/2015,BT41,Solid Biomass Boiler,99,"£42,022.36"
CMG Energy Services Ltd,23/10/2013,BT80,Solid Biomass Boiler,16,"£17,292.85"
CMG Energy Services Ltd,05/07/2015,BT80,Solid Biomass Boiler,59,"£29,943.67"
CMG Energy Services Ltd,01/09/2015,BT71,Solid Biomass Boiler,45,"£10,194.14"
CMG Energy Services Ltd,08/11/2015,BT80,Solid Biomass Boiler,99,"£19,355.33"
CMG Energy Services Ltd,10/11/2015,BT80,Solid Biomass Boiler,32,"£6,151.96"
CMG Energy Services Ltd,27/02/2016,BT80,Solid Biomass Boiler,198,"£9,048.47"
Colloide Engineering Systems Ltd,28/10/2015,BT80,Solid Biomass Boiler,49,"£5,438.71"
Copper Industries (Ireland) Ltd,07/11/2015,BT41,Solid Biomass Boiler,99,"£27,369.46"
Corbally Poultry Farm Ltd,28/02/2016,BT32,Solid Biomass Boiler,50,"£3,282.90"
Corbally Poultry Farm Ltd,07/06/2015,BT32,Solid Biomass Boiler,99,"£44,191.43"
Corbally Poultry Farm Ltd,08/06/2015,BT32,Solid Biomass Boiler,99,"£44,852.18"
Corbally Poultry Farm Ltd,28/02/2016,BT32,Solid Biomass Boiler,199,"£6,845.75"
Corbally Poultry Farm Ltd,28/02/2016,BT32,Solid Biomass Boiler,199,"£6,052.67"
Corby Biomass Systems Ltd,31/10/2015,BT74,Solid Biomass Boiler,99,"£21,188.61"
Corby Biomass Systems Ltd,31/10/2015,BT74,Solid Biomass Boiler,99,"£21,322.14"
Corby Biomass Systems Ltd,31/10/2015,BT74,Solid Biomass Boiler,99,"£20,940.45"
Corby Biomass Systems Ltd,31/10/2015,BT74,Solid Biomass Boiler,99,"£19,929.46"
Corby Biomass Systems Ltd,31/10/2015,BT74,Solid Biomass Boiler,99,"£20,986.53"
Corby Biomass Systems Ltd,31/10/2015,BT74,Solid Biomass Boiler,99,"£22,485.56"
Corby Biomass Systems Ltd,31/10/2015,BT74,Solid Biomass Boiler,99,"£22,583.45"
Corby Biomass Systems Ltd,31/10/2015,BT74,Solid Biomass Boiler,99,"£23,543.92"
Corkhill Care Centre,03/11/2015,BT70,Solid Biomass Boiler,99,"£15,482.79"
Corliss Eco Fuels Ltd,12/10/2015,BT35,Solid Biomass Boiler,75,"£33,135.71"
Cornamaddy Farms Ltd,15/10/2015,BT70,Solid Biomass Boiler,99,"£48,555.92"
Cornamaddy Farms Ltd,15/10/2015,BT70,Solid Biomass Boiler,99,"£48,701.94"
Cornamaddy Farms Ltd,15/10/2015,BT70,Solid Biomass Boiler,99,"£46,006.36"
Corrie's Meats Ltd,23/08/2013,BT22,Solid Biomass Boiler,60,"£24,745.29"
Corriewood Estates LLP,13/01/2015,BT31,Solid Biomass Boiler,99,"£41,327.82"
Corriewood Estates LLP,04/11/2015,BT31,Solid Biomass Boiler,99,"£25,085.35"
Courtyard Properties (NI) Ltd,28/08/2015,BT67,Solid Biomass Boiler,99,"£25,714.07"
Craigfad Farm Limited,23/02/2016,BT44,Solid Biomass Boiler,199,"£5,576.97"
Craigfad Farm Limited,23/02/2016,BT44,Solid Biomass Boiler,199,"£4,672.96"
Crann Energy Ltd,12/10/2015,BT92,Solid Biomass Boiler,99,"£65,453.82"
CRANN ENERGY LTD,27/02/2016,BT92,Solid Biomass Boiler,50,"£2,057.80"
Creative Gardens (NI) Ltd,15/02/2016,BT21,Solid Biomass Boiler,199,"£10,161.66"
Creative Gardens (NI) Ltd,17/02/2016,BT21,Solid Biomass Boiler,199,"£12,705.21"
Creative Logic Sol Limited,26/03/2015,BT51,Solid Biomass Boiler,31,"£7,722.66"
Creggan Country Park Enterprises Ltd,08/04/2015,BT48,Solid Biomass Boiler,60,"£12,016.75"
Creggan Farm Supplies Ltd,16/10/2015,BT35,Solid Biomass Boiler,75,"£39,863.20"
Creggan Farm Supplies Ltd,22/10/2015,BT35,Solid Biomass Boiler,75,"£40,710.90"
Cromer Enterprises Limited,29/10/2015,BT47,Solid Biomass Boiler,90,"£16,705.32"
Cross Concrete Flooring Ltd.,29/10/2015,BT47,Solid Biomass Boiler,95,"£9,527.16"
Cross Concrete Flooring Ltd.,29/10/2015,BT47,Solid Biomass Boiler,95,"£31,412.02"
Cross Concrete Flooring Ltd.,29/10/2015,BT47,Solid Biomass Boiler,95,"£32,057.21"
,,,,,
Cross Concrete Flooring Ltd.,29/10/2015,BT47,Solid Biomass Boiler,95,"£34,649.58"
Culmore Energy,10/11/2015,BT49,Solid Biomass Boiler,99,"£4,332.12"
Culmore Energy Ltd,09/11/2015,BT49,Solid Biomass Boiler,99,"£21,645.52"
Culmore Energy Ltd,10/11/2015,BT49,Solid Biomass Boiler,99,"£7,595.39"
Curtis Developments Ltd T/A Curtis Toyota,26/02/2016,BT42,Solid Biomass Boiler,198,"£5,170.90"
Cyreth Ltd T/A Strangford Arms Hotel,02/11/2015,BT51,Solid Biomass Boiler,99,"£29,810.41"
D Armstrong Electrical LLP,08/10/2015,BT71,Solid Biomass Boiler,99,"£40,126.83"
D&O Poultry Ltd.,24/02/2016,BT70,Solid Biomass Boiler,199,"£7,889.70"
D&R Moffett Ltd,04/03/2015,BT71,Solid Biomass Boiler,99,"£52,283.79"
D&R Moffett Ltd,04/03/2015,BT71,Solid Biomass Boiler,99,"£46,655.57"
D&R Moffett Ltd,04/03/2015,BT71,Solid Biomass Boiler,99,"£49,689.34"
Daly Poultry Ltd.,11/12/2015,BT71,Solid Biomass Boiler,999,"£15,795.00"
Dalys Carrickmore Ltd,31/08/2015,BT79,Solid Biomass Boiler,99,"£34,352.02"
Damiraco Ltd,21/01/2013,BT74,Solid Biomass Boiler,99,"£64,016.50"
Dawson Wam Limited,20/05/2014,BT24,Solid Biomass Boiler,97,"£26,419.08"
Dawson Wam Limited,10/09/2013,BT24,Solid Biomass Boiler,96,"£33,540.98"
Dennison Commercials Ltd,14/10/2015,BT39,Solid Biomass Boiler,99,"£33,748.74"
Dennison Commercials Ltd,14/10/2015,BT39,Solid Biomass Boiler,99,"£33,463.16"
Dennison Commercials Ltd,14/10/2015,BT39,Solid Biomass Boiler,99,"£34,196.83"
Dennison Commercials Ltd,14/10/2015,BT39,Solid Biomass Boiler,99,"£36,763.99"
Dennison Commercials Ltd,14/10/2015,BT39,Solid Biomass Boiler,99,"£31,206.66"
Dennison Commercials Ltd,14/10/2015,BT39,Solid Biomass Boiler,99,"£29,908.96"
Dennison Commercials Ltd,14/10/2015,BT39,Solid Biomass Boiler,99,"£17,190.86"
Dennison Commercials Ltd,14/10/2015,BT39,Solid Biomass Boiler,99,"£20,074.49"
Dennison Commercials Ltd,14/10/2015,BT39,Solid Biomass Boiler,99,"£16,599.40"
Dennison Commercials Ltd,14/10/2015,BT39,Solid Biomass Boiler,99,"£45,483.26"
Dennison Commercials Ltd,15/10/2015,BT39,Solid Biomass Boiler,99,"£45,098.37"
Department of Agriculture and Rural Affairs (Greenmount College),25/03/2015,BT04,Solid Biomass Boiler,60,"£4,895.07"
Department of Agriculture and Rural Affairs (Loughry College),10/04/2015,BT04,Solid Biomass Boiler,129,"£2,601.15"
Department of Agriculture and Rural Affairs (Loughry College),08/04/2015,BT04,Solid Biomass Boiler,348,"£9,363.69"
Department of Agriculture and Rural Development (Enniskillen College),20/04/2015,BT74,Solid Biomass Boiler,300,"£11,583.97"
Dickson Poultry Ltd,15/10/2015,BT60,Solid Biomass Boiler,99,"£36,080.60"
Dickson Poultry Ltd,15/10/2015,BT60,Solid Biomass Boiler,99,"£26,440.29"
Dickson Poultry Ltd,15/10/2015,BT60,Solid Biomass Boiler,99,"£8,844.17"
DJC Poultry Ltd,16/09/2015,BT79,Solid Biomass Boiler,99,"£37,216.67"
DJC Poultry Ltd,16/09/2015,BT79,Solid Biomass Boiler,99,"£43,475.27"
DK Leisure Ltd,03/11/2015,BT51,Solid Biomass Boiler,99,"£25,467.06"
Donaghmore District Community Association (DDCA),27/02/2016,BT70,Solid Biomass Boiler,199,"£9,656.04"
Donnell & Ellis Heavy Haulage Ltd,31/07/2015,BT78,Solid Biomass Boiler,95,"£39,558.71"
Donnell & Ellis Heavy Haulage Ltd,31/07/2015,BT78,Solid Biomass Boiler,95,"£43,069.32"
Donnell & Ellis Heavy Haulage Ltd,31/07/2015,BT78,Solid Biomass Boiler,95,"£45,762.95"
Downshire Arms Hotel Ltd,09/11/2015,BT32,Solid Biomass Boiler,99,"£12,598.38"
Drenagh Sawmills Ltd,02/11/2015,BT49,Solid Biomass Boiler,99,"£12,963.72"
Drenagh Sawmills Ltd,02/11/2015,BT49,Solid Biomass Boiler,99,"£13,052.04"
Drenagh Sawmills Ltd,02/11/2015,BT49,Solid Biomass Boiler,99,"£13,681.01"
Drenagh Sawmills Ltd,02/11/2015,BT49,Solid Biomass Boiler,99,"£13,820.23"
Drenagh Sawmills Ltd,31/10/2015,BT49,Solid Biomass Boiler,99,"£20,300.57"
Drenagh Sawmills Ltd,31/10/2015,BT49,Solid Biomass Boiler,99,"£21,386.61"
,,,,,
Drenagh Sawmills Ltd,31/10/2015,BT49,Solid Biomass Boiler,99,"£30,658.85"
Drenagh Sawmills Ltd,31/10/2015,BT49,Solid Biomass Boiler,99,"£42,388.29"
DRL Energy Ltd,01/10/2015,BT62,Solid Biomass Boiler,99,"£49,420.39"
DRL Energy Ltd,01/10/2015,BT62,Solid Biomass Boiler,99,"£49,059.14"
DRL Energy Ltd,01/10/2015,BT62,Solid Biomass Boiler,99,"£49,086.25"
DRL Energy Ltd,01/10/2015,BT62,Solid Biomass Boiler,99,"£51,248.53"
DRT (NI) Limited T/A Derry Refrigerated Transport,17/02/2016,BT62,Solid Biomass Boiler,99,"£7,423.34"
Drumlea poultry Ltd,16/02/2016,BT79,Solid Biomass Boiler,199,"£10,195.16"
DS Farms Ltd,23/02/2016,BT79,Solid Biomass Boiler,199,"£8,248.35"
Dundrod Presbyterian Church,29/10/2015,BT29,Solid Biomass Boiler,99,"£14,421.57"
Dunleath Estates Ltd,29/04/2015,BT22,Solid Biomass Boiler,96,"£28,185.77"
DWI (NI) Ltd,15/10/2015,BT47,Solid Biomass Boiler,95,"£44,294.19"
DWI (NI) Ltd,05/11/2015,BT47,Solid Biomass Boiler,95,"£44,574.17"
Easibility Showers Ltd,06/03/2015,BT67,Solid Biomass Boiler,80,"£51,006.83"
Easteden Limited,04/11/2015,BT79,Solid Biomass Boiler,99,"£11,337.40"
Easteden Limited,16/05/2013,BT79,Solid Biomass Boiler,99,"£58,044.85"
Ecobiomass NI Ltd,03/11/2015,BT71,Solid Biomass Boiler,99,"£19,667.08"
Ecobiomass NI Ltd,03/11/2015,BT71,Solid Biomass Boiler,99,"£42,154.47"
Ecobiomass NI Ltd,07/11/2015,BT71,Solid Biomass Boiler,99,"£43,959.52"
Ecobiomass NI Ltd,07/11/2015,BT71,Solid Biomass Boiler,99,"£46,227.60"
Ecobiomass NI Ltd,26/10/2015,BT71,Solid Biomass Boiler,99,"£51,670.65"
Ecobiomass NI Ltd,26/10/2015,BT71,Solid Biomass Boiler,99,"£52,866.19"
Ecobiomass NI Ltd,26/10/2015,BT71,Solid Biomass Boiler,99,"£54,335.46"
Ecobiomass NI Ltd,26/10/2015,BT71,Solid Biomass Boiler,99,"£54,588.17"
Ecobiomass NI Ltd,26/10/2015,BT71,Solid Biomass Boiler,99,"£54,811.50"
Ecobiomass NI Ltd,26/10/2015,BT71,Solid Biomass Boiler,99,"£56,102.54"
Edengrove Presbyterian Church,28/10/2015,BT24,Solid Biomass Boiler,99,"£9,490.41"
Edengrow Farms Limited,30/10/2015,BT60,Solid Biomass Boiler,99,"£20,636.27"
Edengrow Farms Limited,30/10/2015,BT60,Solid Biomass Boiler,99,"£28,181.49"
Edengrow Farms Limited,02/11/2015,BT60,Solid Biomass Boiler,99,"£28,873.00"
Eglinton (Timber Products) Ltd,29/10/2015,BT47,Solid Biomass Boiler,99,"£42,673.93"
Eglinton (Timber Products) Ltd,29/10/2015,BT47,Solid Biomass Boiler,99,"£45,467.29"
Eglinton (Timber Products) Ltd,29/10/2015,BT47,Solid Biomass Boiler,99,"£47,002.75"
Eglinton (Timber Products) Ltd,29/10/2015,BT47,Solid Biomass Boiler,99,"£47,566.66"
Eglinton (Timber Products) Ltd,29/10/2015,BT47,Solid Biomass Boiler,99,"£49,318.72"
Eglinton (Timber Products) Ltd,29/10/2015,BT47,Solid Biomass Boiler,99,"£54,012.23"
Eglinton (Timber Products) Ltd,05/10/2013,BT47,Solid Biomass Boiler,990,"£252,844.05"
Electro Mech Agri Ltd,05/10/2015,BT70,Solid Biomass Boiler,99,"£11,419.79"
Electro Mech Agri Ltd,05/10/2015,BT70,Solid Biomass Boiler,99,"£27,351.39"
Embroidery NI Ltd,10/11/2015,BT24,Solid Biomass Boiler,99,"£8,000.71"
Erwin Agri-Care Limited,12/03/2015,BT29,Solid Biomass Boiler,99,"£30,708.97"
Ethril Ltd T/A Beechlawn House Hotel,31/10/2015,BT17,Solid Biomass Boiler,99,"£32,642.83"
Eurofab Engineering Structures Ltd,27/10/2015,BT71,Solid Biomass Boiler,80,"£35,907.50"
Ewing Farms Ltd,05/11/2015,BT70,Solid Biomass Boiler,99,"£47,572.26"
Ewing Farms Ltd,05/11/2015,BT70,Solid Biomass Boiler,99,"£48,024.38"
Ewing Farms Ltd,05/11/2015,BT70,Solid Biomass Boiler,99,"£47,503.62"
Ewing Farms Ltd,05/11/2015,BT70,Solid Biomass Boiler,99,"£48,101.35"
Ewing Farms Ltd,05/11/2015,BT70,Solid Biomass Boiler,99,"£50,401.52"
Ewing Farms Ltd,05/11/2015,BT70,Solid Biomass Boiler,99,"£47,574.75"
F.P. McCann Ltd.,28/10/2015,BT45,Solid Biomass Boiler,99,"£22,552.57"
F.P. McCann Ltd.,28/10/2015,BT45,Solid Biomass Boiler,99,"£24,016.95"
Fairlawns Care Home Ltd,13/08/2014,BT61,Solid Biomass Boiler,99,"£57,711.01"
Farm Woodlands Ltd,11/08/2014,BT77,Solid Biomass Boiler,50,"£8,885.36"
Farmview Dairies Ltd,15/01/2015,BT06,Solid Biomass Boiler,99,"£34,574.91"
FBT Mushrooms Ltd,03/02/2014,BT62,Solid Biomass Boiler,95,"£20,773.27"
Felix McEvoy Ltd,02/11/2015,BT31,Solid Biomass Boiler,99,"£28,161.62"
Felix McEvoy Ltd,02/11/2015,BT31,Solid Biomass Boiler,99,"£28,594.40"
Fermanagh Properties Ltd,10/11/2015,BT93,Solid Biomass Boiler,99,"£23,546.21"
Fermanagh Properties Ltd,24/12/2013,BT93,Solid Biomass Boiler,99,"£53,487.57"
FG Drying Ltd,22/10/2015,BT45,Solid Biomass Boiler,99,"£51,527.29"
FG Drying Ltd,22/10/2015,BT45,Solid Biomass Boiler,99,"£45,626.42"
FG Drying Ltd,22/10/2015,BT45,Solid Biomass Boiler,99,"£50,731.13"
FG Drying Ltd,22/10/2015,BT45,Solid Biomass Boiler,99,"£46,410.64"
FG Drying Ltd,22/10/2015,BT45,Solid Biomass Boiler,99,"£49,690.41"
FG Drying Ltd,22/10/2015,BT45,Solid Biomass Boiler,99,"£49,364.77"
Fir trees Hotel Strabane Ltd,09/12/2014,BT82,Solid Biomass Boiler,99,"£46,659.69"
Fourds Limited T/A Bloc Blinds,08/10/2015,BT45,Solid Biomass Boiler,99,"£8,470.18"
Fourds Limited T/A Bloc Blinds,08/10/2015,BT45,Solid Biomass Boiler,99,"£13,294.48"
Foyle Golf Centre,05/12/2014,BT48,Solid Biomass Boiler,99,"£30,167.80"
Future Fuels NI Ltd,28/08/2015,BT94,Solid Biomass Boiler,99,"£50,832.67"
Future Fuels NI Ltd,13/08/2015,BT94,Solid Biomass Boiler,95,"£62,308.47"
Future Fuels NI Ltd,10/07/2015,BT94,Solid Biomass Boiler,95,"£66,488.12"
Future Fuels NI Ltd,06/11/2014,BT94,Solid Biomass Boiler,99,"£78,402.51"
Galbally Youth & Community Association,10/11/2015,BT70,Solid Biomass Boiler,99,"£19,950.96"
Galgorm Castle Estates Ltd,22/08/2013,BT42,Solid Biomass Boiler,97,"£39,131.71"
Glenavon House Hotel (1982) Ltd,25/03/2014,BT80,Solid Biomass Boiler,99,"£80,899.44"
Glenavon House Hotel (1982) Ltd,20/09/2014,BT80,Solid Biomass Boiler,99,"£86,210.69"
Glencroft Developments Ltd,09/11/2015,BT51,Solid Biomass Boiler,99,"£44,918.17"
Glencroft Developments Ltd,09/11/2015,BT51,Solid Biomass Boiler,99,"£41,982.79"
Glencroft Developments Ltd,09/11/2015,BT51,Solid Biomass Boiler,99,"£41,950.05"
Glendun Nursing Home Ltd,28/10/2015,BT44,Solid Biomass Boiler,99,"£20,865.11"
Glenvilla Ultimate Dryers Ltd,23/10/2015,BT45,Solid Biomass Boiler,99,"£24,372.98"
Glenvilla Ultimate Dryers Ltd,23/10/2015,BT45,Solid Biomass Boiler,99,"£24,715.33"
Gormley Engineering Works Ltd,17/11/2015,BT70,Solid Biomass Boiler,99,"£11,041.46"
GPH Mushrooms Ltd,28/07/2013,BT60,Solid Biomass Boiler,40,"£15,083.21"
GPH Mushrooms Ltd,02/11/2015,BT60,Solid Biomass Boiler,99,"£17,937.00"
GPH Mushrooms Ltd,08/08/2013,BT60,Solid Biomass Boiler,99,"£50,371.46"
GPH Mushrooms Ltd,08/08/2013,BT60,Solid Biomass Boiler,99,"£64,229.39"
GPH Mushrooms Ltd,09/02/2016,BT60,Solid Biomass Boiler,560,"£10,682.28"
Gradeall International Ltd,02/11/2015,BT71,Solid Biomass Boiler,99,"£32,655.18"
Green Biomass Ltd,21/05/2014,BT82,Solid Biomass Boiler,99,"£77,792.64"
Green Biomass Ltd,11/04/2014,BT82,Solid Biomass Boiler,99,"£119,012.29"
Green Energy Engineering (GEE) Ltd,19/05/2015,BT25,Solid Biomass Boiler,99,"£18,865.80"
Green Energy Engineering (GEE) Ltd,30/10/2015,BT25,Solid Biomass Boiler,99,"£26,090.27"
Green Energy Engineering (GEE) Ltd,14/01/2014,BT25,Solid Biomass Boiler,99,"£63,061.18"
Green Energy Engineering (GEE) Ltd,24/08/2015,BT66,Solid Biomass Boiler,40,"£6,037.42"
Green Energy Engineering (GEE) Ltd,24/03/2014,BT25,Solid Biomass Boiler,25,£288.02
Green Energy Engineering (GEE) Ltd,24/08/2015,BT66,Solid Biomass Boiler,15,£134.09
Green Energy Engineering (GEE) Ltd,25/08/2015,BT66,Solid Biomass Boiler,40,"£1,897.92"
Green Energy Engineering (GEE) Ltd,29/02/2016,BT25,Solid Biomass Boiler,25,£603.65
Green Energy Engineering (GEE) Ltd,09/11/2015,BT25,Solid Biomass Boiler,25,"£1,662.33"
Green Energy Wind Ltd,30/10/2014,BT31,Solid Biomass Boiler,50,"£5,155.87"
Green Energy Wind Ltd,22/10/2015,BT31,Solid Biomass Boiler,99,"£7,250.19"
Greenacres Chicks Ltd,25/10/2015,BT60,Solid Biomass Boiler,99,"£44,425.98"
Greenacres Chicks Ltd,25/10/2015,BT60,Solid Biomass Boiler,99,"£43,777.22"
Greg Mitchell Motors Ltd,18/10/2015,BT82,Solid Biomass Boiler,95,"£14,897.77"
Greystone Joinery and Construction Ltd,30/10/2015,BT70,Solid Biomass Boiler,99,"£27,915.21"
Greystone Joinery and Construction Ltd,30/10/2015,BT70,Solid Biomass Boiler,99,"£17,468.97"
Grove Cottage Farm Ltd,24/03/2015,BT29,Solid Biomass Boiler,99,"£53,088.18"
Grove Cottage Farm Ltd,24/03/2015,BT29,Solid Biomass Boiler,99,"£59,064.06"
Grove Mechanical Services Ltd,02/11/2015,BT45,Solid Biomass Boiler,99,"£40,266.24"
GSM Farms Ltd,24/10/2014,BT68,Solid Biomass Boiler,99,"£84,687.61"
GSM Farms Ltd,24/10/2014,BT68,Solid Biomass Boiler,99,"£78,273.81"
GSM Farms Ltd,29/05/2015,BT68,Solid Biomass Boiler,99,"£56,296.45"
H&A Mechanical Services Ltd,02/07/2015,BT45,Solid Biomass Boiler,99,"£42,825.59"
Hampton Conservatories Ltd,15/09/2015,BT56,Solid Biomass Boiler,95,"£5,593.46"
Hampton Conservatories Ltd,15/09/2015,BT56,Solid Biomass Boiler,75,"£5,955.93"
Hampton Conservatories Ltd,15/09/2015,BT56,Solid Biomass Boiler,95,"£7,527.77"
Hampton Conservatories Ltd,15/09/2015,BT56,Solid Biomass Boiler,75,"£9,228.74"
Haslett Biofuel Products Ltd,09/11/2015,BT49,Solid Biomass Boiler,99,"£32,712.69"
Haslett Biofuel Products Ltd,09/11/2015,BT49,Solid Biomass Boiler,99,"£27,920.25"
Hayburn Wood Products Ltd,27/11/2014,BT42,Solid Biomass Boiler,99,"£42,630.18"
Hayburn Wood Products Ltd,27/11/2014,BT42,Solid Biomass Boiler,99,"£44,843.31"
Hazelburn Poultry Ltd,22/02/2016,BT78,Solid Biomass Boiler,199,"£6,127.45"
Hazelburn Poultry Ltd,24/07/2015,BT78,Solid Biomass Boiler,35,"£4,293.40"
Heatabrix Limited,26/10/2015,BT74,Solid Biomass Boiler,99,"£38,969.86"
Heatabrix Limited,26/10/2015,BT74,Solid Biomass Boiler,99,"£39,327.85"
Heatabrix Limited,26/10/2015,BT74,Solid Biomass Boiler,99,"£40,584.82"
Heatabrix Limited,26/10/2015,BT74,Solid Biomass Boiler,99,"£41,171.20"
Heatabrix Limited,26/10/2015,BT74,Solid Biomass Boiler,99,"£41,393.19"
Heatabrix Limited,26/10/2015,BT74,Solid Biomass Boiler,99,"£37,603.25"
Hebron Free Presbyterian Church,03/02/2015,BT53,Solid Biomass Boiler,99,"£39,023.77"
Hebron Free Presbyterian Church,19/10/2015,BT53,Solid Biomass Boiler,60,"£19,914.29"
Hegan Farms Ltd,14/10/2015,BT71,Solid Biomass Boiler,99,"£53,598.97"
Hegan Farms Ltd,14/10/2015,BT71,Solid Biomass Boiler,99,"£52,034.92"
Hegan Farms Ltd,16/10/2015,BT71,Solid Biomass Boiler,99,"£48,578.09"
Hegan Farms Ltd,16/10/2015,BT71,Solid Biomass Boiler,99,"£49,577.87"
Hegan Farms Ltd,09/11/2015,BT71,Solid Biomass Boiler,99,"£42,730.70"
Hegan Farms Ltd,09/11/2015,BT71,Solid Biomass Boiler,99,"£32,170.12"
Hegan Farms Ltd,09/11/2015,BT71,Solid Biomass Boiler,99,"£36,820.97"
Hegan Farms Ltd,10/11/2015,BT71,Solid Biomass Boiler,99,"£36,457.47"
Henry Sinnamon Ltd,23/09/2014,BT70,Solid Biomass Boiler,99,"£52,928.21"
Henry Sinnamon Ltd,23/09/2014,BT70,Solid Biomass Boiler,99,"£54,584.78"
Henry Sinnamon Ltd,23/09/2014,BT70,Solid Biomass Boiler,99,"£57,622.23"
Heron Bros Ltd,15/01/2014,BT45,Solid Biomass Boiler,99,"£14,084.52"
Heron Bros Ltd,07/10/2014,BT45,Solid Biomass Boiler,95,"£19,158.99"
Heron Bros Ltd,04/06/2014,BT45,Solid Biomass Boiler,95,£825.11
Heron Bros Ltd,27/02/2014,BT45,Solid Biomass Boiler,48,£566.87
Highgate Poultry Ltd,02/09/2015,BT92,Solid Biomass Boiler,72,"£18,143.20"
Highpoint Adventure Management Ltd t/a Life Adventure,02/02/2015,BT31,Solid Biomass Boiler,30,"£10,154.89"
Hillcrest Centre Ltd,07/11/2015,BT71,Solid Biomass Boiler,99,"£43,098.21"
Hillcrest Centre Ltd,07/11/2015,BT71,Solid Biomass Boiler,99,"£44,222.00"
Hillsborough Parish Church,06/03/2015,BT26,Solid Biomass Boiler,40,"£7,461.59"
Hillsborough Parish Church,11/11/2013,BT26,Solid Biomass Boiler,80,"£31,790.13"
Hollybush Primary School,02/04/2015,BT48,Solid Biomass Boiler,99,"£29,156.08"
HolyHill District Heating System,17/09/2013,BT82,Solid Biomass Boiler,95,"£18,110.26"
Home Farm Mushrooms Ltd,06/06/2015,BT71,Solid Biomass Boiler,59,"£13,946.94"
Home Farm Mushrooms Ltd,13/10/2015,BT71,Solid Biomass Boiler,99,"£24,345.65"
Hugh Turner T/A Turner Electrical (NI) Ltd,05/11/2015,BT46,Solid Biomass Boiler,99,"£26,845.14"
IJ Property Development Ltd T/A IJ Property & Trading Co,20/10/2015,BT78,Solid Biomass Boiler,99,"£38,699.54"
IJ Property Development Ltd T/A IJ Property & Trading Co,20/10/2015,BT78,Solid Biomass Boiler,99,"£33,950.11"
IJ Property Development Ltd T/A IJ Property & Trading Co,03/11/2015,BT78,Solid Biomass Boiler,99,"£34,547.86"
Inish Glow Ltd,26/10/2015,BT92,Solid Biomass Boiler,99,"£57,683.51"
Inish Glow Ltd,26/10/2015,BT92,Solid Biomass Boiler,99,"£55,401.57"
Inish Glow Ltd,26/10/2015,BT92,Solid Biomass Boiler,99,"£55,963.95"
Irwin Farm Supplies Ltd,22/10/2014,BT70,Solid Biomass Boiler,60,"£15,518.70"
Islandbawn Store Ltd,12/02/2013,BT41,Solid Biomass Boiler,72,"£27,822.92"
J & M Farms Ltd,02/11/2015,BT79,Solid Biomass Boiler,99,"£25,790.63"
J & M Farms Ltd,02/11/2015,BT79,Solid Biomass Boiler,95,"£42,777.08"
J F Irvine Sawmills Limited,29/10/2015,BT78,Solid Biomass Boiler,99,"£21,955.25"
J F Irvine Sawmills Limited,29/10/2015,BT78,Solid Biomass Boiler,99,"£24,097.68"
J Stockdale & Son Ltd,06/10/2015,BT71,Solid Biomass Boiler,59,"£20,566.49"
Jackson Poultry Ltd,07/01/2015,BT41,Solid Biomass Boiler,99,"£44,903.02"
Jackson Poultry Ltd,07/01/2015,BT41,Solid Biomass Boiler,99,"£42,771.12"
Jackson Poultry Ltd,07/01/2015,BT41,Solid Biomass Boiler,99,"£39,006.92"
JC Donald Ltd,09/11/2015,BT32,Solid Biomass Boiler,99,"£52,394.99"
Jeda Power Ltd,22/03/2015,BT51,Solid Biomass Boiler,80,"£31,972.97"
John Hogg & Co Ltd,20/10/2015,BT32,Solid Biomass Boiler,99,"£17,685.61"
John Hogg & Co Ltd,20/10/2015,BT32,Solid Biomass Boiler,99,"£22,366.66"
John Hogg & Co Ltd,15/10/2015,BT32,Solid Biomass Boiler,99,"£23,985.04"
John Hogg & Co Ltd,15/10/2015,BT32,Solid Biomass Boiler,99,"£24,370.63"
John Hogg & Co Ltd,14/10/2015,BT32,Solid Biomass Boiler,99,"£30,399.07"
John Hogg & Co Ltd,14/10/2015,BT32,Solid Biomass Boiler,99,"£31,113.34"
John Hogg & Co Ltd,18/09/2015,BT32,Solid Biomass Boiler,99,"£36,952.82"
John Hogg & Co Ltd,16/10/2015,BT32,Solid Biomass Boiler,99,"£37,797.30"
John Hogg & Co Ltd,27/10/2015,BT32,Solid Biomass Boiler,99,"£39,900.15"
John Hogg & Co Ltd,12/08/2015,BT32,Solid Biomass Boiler,99,"£42,350.44"
John Hogg & Co Ltd,18/09/2015,BT32,Solid Biomass Boiler,99,"£49,208.60"
John Hogg & Co Ltd,02/02/2015,BT32,Solid Biomass Boiler,99,"£61,192.63"
John McElderry (M&T) Ltd,21/09/2015,BT53,Solid Biomass Boiler,99,"£19,399.78"
John McElderry (M&T) Ltd,22/09/2015,BT53,Solid Biomass Boiler,99,"£20,674.00"
John Mulholland Motors Ltd,27/02/2016,BT41,Solid Biomass Boiler,149,"£7,493.48"
Johnston Poultry Sales Ltd,21/10/2015,BT70,Solid Biomass Boiler,99,"£41,502.03"
Johnston Poultry Sales Ltd,21/10/2015,BT70,Solid Biomass Boiler,99,"£43,768.87"
Johnston Poultry Sales Ltd,21/10/2015,BT70,Solid Biomass Boiler,99,"£50,035.21"
Joseph Barrett and Sons Ltd,11/11/2015,BT70,Solid Biomass Boiler,99,"£19,760.86"
Joseph Barrett and Sons Ltd,05/11/2015,BT70,Solid Biomass Boiler,99,"£25,616.52"
Joseph Barrett and Sons Ltd,04/11/2015,BT70,Solid Biomass Boiler,99,"£28,215.40"
JS Dunlop Ltd,25/09/2013,BT53,Solid Biomass Boiler,60,"£20,834.49"
JSF Builders Ltd,14/10/2015,BT51,Solid Biomass Boiler,40,"£11,563.28"
Jungle Paintball Ltd,09/11/2015,BT45,Solid Biomass Boiler,28,"£6,684.79"
Jungle Paintball Ltd,09/11/2015,BT45,Solid Biomass Boiler,99,"£26,140.28"
K Hughes And Co Ltd,20/03/2015,BT71,Solid Biomass Boiler,99,"£17,128.54"
Kane Engineering Ltd,28/10/2015,BT23,Solid Biomass Boiler,99,"£8,154.97"
Keenaghan Mushrooms Ltd,02/11/2015,BT71,Solid Biomass Boiler,99,"£26,624.75"
Kelso Car Sales Ltd.,29/10/2015,BT80,Solid Biomass Boiler,99,"£24,826.70"
Kelso Car Sales Ltd.,30/10/2015,BT80,Solid Biomass Boiler,99,"£31,152.42"
Kernaglee Electrical Services Ltd.,10/11/2015,BT78,Solid Biomass Boiler,26,"£5,939.47"
Kilbracks Farm Ltd,12/01/2015,BT60,Solid Biomass Boiler,99,"£54,160.41"
Kilbracks Farm Ltd,12/01/2015,BT60,Solid Biomass Boiler,99,"£21,064.10"
Kilbracks Farm Ltd,12/01/2015,BT60,Solid Biomass Boiler,99,"£61,266.81"
Kilbracks Farm Ltd,12/01/2015,BT60,Solid Biomass Boiler,99,"£55,232.63"
Kilcon Farm Ltd,31/05/2015,BT60,Solid Biomass Boiler,99,"£37,827.15"
Kilcon Farm Ltd,31/05/2015,BT60,Solid Biomass Boiler,99,"£38,446.99"
Kilsannagh Mushrooms Ltd,27/10/2014,BT70,Solid Biomass Boiler,99,"£43,222.36"
KMAC LTD,08/07/2014,BT27,Solid Biomass Boiler,99,"£31,696.46"
KMAC LTD,08/07/2014,BT27,Solid Biomass Boiler,99,"£28,178.02"
KMAC LTD,09/04/2015,BT27,Solid Biomass Boiler,99,"£36,673.26"
Korwind Ltd,10/11/2015,BT45,Solid Biomass Boiler,46,"£5,765.19"
KSM Farms LTD,04/06/2015,BT29,Solid Biomass Boiler,96,"£43,241.85"
KSM Farms LTD,04/06/2015,BT29,Solid Biomass Boiler,96,"£38,460.03"
L.W. Surphlis & Son Ltd.,28/10/2015,BT78,Solid Biomass Boiler,95,"£28,286.11"
L.W. Surphlis & Son Ltd.,28/10/2015,BT78,Solid Biomass Boiler,49,"£28,481.35"
L.W. Surphlis & Son Ltd.,28/10/2015,BT78,Solid Biomass Boiler,95,"£28,551.46"
L.W. Surphlis & Son Ltd.,28/10/2015,BT78,Solid Biomass Boiler,95,"£30,188.78"
L.W. Surphlis & Son Ltd.,12/10/2015,BT78,Solid Biomass Boiler,95,"£40,520.59"
L.W. Surphlis & Son Ltd.,09/10/2015,BT78,Solid Biomass Boiler,95,"£40,735.41"
L.W. Surphlis & Son Ltd.,09/10/2015,BT78,Solid Biomass Boiler,95,"£43,163.32"
L.W. Surphlis & Son Ltd.,28/10/2015,BT78,Solid Biomass Boiler,95,"£44,257.40"
L.W. Surphlis & Son Ltd.,12/11/2014,BT78,Solid Biomass Boiler,99,"£39,652.88"
L.W. Surphlis & Son Ltd.,09/10/2015,BT78,Solid Biomass Boiler,95,"£34,398.97"
Lancer Buildings Limited,26/10/2015,BT78,Solid Biomass Boiler,95,"£24,919.85"
Lancer Buildings Limited,26/10/2015,BT78,Solid Biomass Boiler,95,"£32,862.25"
Lancer Buildings Limited,26/10/2015,BT78,Solid Biomass Boiler,95,"£36,271.90"
Larne Harbour Limited,03/11/2015,BT40,Solid Biomass Boiler,32,"£10,753.43"
Larne Harbour Limited,03/11/2015,BT40,Solid Biomass Boiler,99,"£38,242.10"
Laurel Chlorination Ltd,29/02/2016,BT31,Solid Biomass Boiler,85,"£5,917.30"
Legmore Farms Ltd,30/06/2014,BT67,Solid Biomass Boiler,99,"£65,679.08"
Legmore Farms Ltd,30/06/2014,BT67,Solid Biomass Boiler,99,"£72,381.60"
Legmore Farms Ltd,30/06/2014,BT67,Solid Biomass Boiler,99,"£73,429.41"
Legmore Farms Ltd,30/06/2014,BT67,Solid Biomass Boiler,99,"£82,006.17"
Linton AG - Industrial Ltd,10/09/2015,BT28,Solid Biomass Boiler,99,"£8,502.17"
Linton Environmental Ltd,27/03/2014,BT82,Solid Biomass Boiler,99,"£12,568.75"
Lisburn Golf Club,08/05/2014,BT27,Solid Biomass Boiler,80,"£40,897.33"
Lisnaskea Hotels Ltd,06/11/2015,BT92,Solid Biomass Boiler,99,"£19,783.49"
Lissanoure Castle Ltd,24/02/2016,BT44,Solid Biomass Boiler,195,"£17,821.74"
Lower Corr Poultry Farm Ltd,15/09/2015,BT71,Solid Biomass Boiler,99,"£50,425.55"
Lower Corr Poultry Farm Ltd,15/09/2015,BT71,Solid Biomass Boiler,99,"£46,495.52"
M & M Refrigeration Ltd,29/02/2016,BT35,Solid Biomass Boiler,140,"£12,081.11"
M Beattie & Son LTD.,11/11/2015,BT78,Solid Biomass Boiler,95,"£27,417.44"
M Beattie & Son LTD.,11/11/2015,BT78,Solid Biomass Boiler,95,"£30,144.15"
M Beattie & Son LTD.,26/10/2015,BT78,Solid Biomass Boiler,95,"£34,097.51"
M Beattie & Son LTD.,26/10/2015,BT78,Solid Biomass Boiler,95,"£36,697.75"
M Keys Farms Ltd,16/11/2015,BT76,Solid Biomass Boiler,99,"£44,914.45"
M Keys Farms Ltd,16/11/2015,BT76,Solid Biomass Boiler,99,"£40,320.37"
Macklin Care Homes Ltd,26/09/2014,BT09,Solid Biomass Boiler,99,"£47,826.42"
Mallaghan Engineering Limited,28/10/2015,BT71,Solid Biomass Boiler,99,"£15,332.08"
Mallaghan Engineering Limited,28/10/2015,BT71,Solid Biomass Boiler,99,"£16,884.22"
Mallaghan Engineering Limited,28/10/2015,BT71,Solid Biomass Boiler,99,"£19,853.02"
Mallaghan Engineering Limited,28/10/2015,BT71,Solid Biomass Boiler,99,"£21,435.58"
Mallaghan Engineering Limited,02/11/2015,BT71,Solid Biomass Boiler,99,"£21,497.79"
Mallaghan Engineering Limited,02/11/2015,BT71,Solid Biomass Boiler,99,"£23,439.72"
Mallaghan Engineering Limited,28/10/2015,BT71,Solid Biomass Boiler,99,"£23,601.56"
Mallaghan Engineering Limited,02/11/2015,BT71,Solid Biomass Boiler,99,"£31,137.45"
Manfreight Ltd,09/06/2014,BT63,Solid Biomass Boiler,25,"£5,168.61"
Manola Farm Supplies Ltd,28/03/2015,BT53,Solid Biomass Boiler,99,"£60,705.67"
Manola Farm Supplies Ltd,28/03/2015,BT53,Solid Biomass Boiler,99,"£49,682.52"
Manola Farm Supplies Ltd,15/10/2015,BT53,Solid Biomass Boiler,99,"£29,043.29"
Manor House Country Hotel Ltd,07/11/2015,BT94,Solid Biomass Boiler,99,"£14,636.92"
Manor House Country Hotel Ltd,07/11/2015,BT94,Solid Biomass Boiler,99,"£14,995.28"
Manor House Country Hotel Ltd,07/11/2015,BT94,Solid Biomass Boiler,99,"£12,141.40"
Massereene Golf Club,23/01/2015,BT41,Solid Biomass Boiler,49,"£20,069.56"
Mayobridge Golf Club,29/01/2015,BT34,Solid Biomass Boiler,32,"£5,894.37"
Mc. Don Peat Supplies Ltd,28/02/2016,BT71,Solid Biomass Boiler,198,"£9,132.09"
McAleer Farms Ltd,01/10/2015,BT78,Solid Biomass Boiler,99,"£54,198.86"
McAleer Farms Ltd,01/10/2015,BT78,Solid Biomass Boiler,99,"£49,310.71"
McAleer Farms Ltd,01/10/2015,BT78,Solid Biomass Boiler,99,"£51,157.99"
McAleer Farms Ltd,01/10/2015,BT78,Solid Biomass Boiler,99,"£53,886.84"
McAuley Precision Ltd,16/01/2015,BT53,Solid Biomass Boiler,99,"£40,577.29"
McAuley Precision Ltd,16/01/2015,BT53,Solid Biomass Boiler,99,"£47,794.19"
McAuley Precision Ltd,16/01/2015,BT53,Solid Biomass Boiler,99,"£43,227.03"
McAuley Precision Ltd,16/01/2015,BT53,Solid Biomass Boiler,99,"£47,184.78"
McCaffrey Aggregates Ltd,10/11/2015,BT92,Solid Biomass Boiler,99,"£34,465.07"
McCaffrey Aggregates Ltd,10/11/2015,BT92,Solid Biomass Boiler,99,"£39,492.30"
McCaffrey Aggregates Ltd,10/11/2015,BT92,Solid Biomass Boiler,99,"£40,273.63"
McCaffrey Aggregates Ltd,10/11/2015,BT92,Solid Biomass Boiler,99,"£42,017.25"
McCaffrey Aggregates Ltd,10/11/2015,BT92,Solid Biomass Boiler,99,"£42,980.28"
McCaffrey Aggregates Ltd,10/11/2015,BT92,Solid Biomass Boiler,99,"£35,425.79"
McCaffrey Aggregates Ltd,10/11/2015,BT92,Solid Biomass Boiler,99,"£40,173.97"
McCaffrey Aggregates Ltd,10/11/2015,BT92,Solid Biomass Boiler,99,"£42,396.06"
McCaffrey Aggregates Ltd,10/11/2015,BT92,Solid Biomass Boiler,99,"£38,343.93"
McCaffrey Aggregates Ltd,10/11/2015,BT92,Solid Biomass Boiler,99,"£41,079.66"
McCormick Contracts Ltd,04/11/2015,BT54,Solid Biomass Boiler,99,"£30,788.71"
MCD Engineering Ltd,05/04/2014,BT70,Solid Biomass Boiler,99,"£44,134.73"
McGarrity Bros Ltd,06/10/2015,BT79,Solid Biomass Boiler,99,"£23,475.74"
McGeary Metals Ltd,03/11/2015,BT80,Solid Biomass Boiler,99,"£13,723.48"
McGeary Metals Ltd T/ A Portaquip,04/11/2015,BT80,Solid Biomass Boiler,60,"£8,008.54"
McGrane Nurseries Ltd,31/01/2014,BT62,Solid Biomass Boiler,400,"£29,686.50"
McGrane Nurseries Ltd,19/02/2016,BT62,Solid Biomass Boiler,199,£627.91
McGrane Nurseries Ltd,19/02/2016,BT62,Solid Biomass Boiler,199,"£1,945.81"
McGrane Nurseries Ltd,19/02/2016,BT62,Solid Biomass Boiler,199,"£3,529.52"
McIlroy Farms Limited,10/11/2015,BT51,Solid Biomass Boiler,99,"£25,620.58"
McIlroy Farms Limited,21/09/2015,BT51,Solid Biomass Boiler,99,"£61,373.41"
McIlroy Farms Limited,29/09/2014,BT51,Solid Biomass Boiler,99,"£94,300.80"
McIlroy Farms Limited,29/09/2014,BT51,Solid Biomass Boiler,99,"£94,584.81"
McIlroy Farms Limited,11/03/2014,BT51,Solid Biomass Boiler,99,"£109,827.91"
McIlroy Farms Limited,09/05/2013,BT51,Solid Biomass Boiler,90,"£127,605.27"
McKee's Farm Shop Ltd,07/04/2015,BT23,Solid Biomass Boiler,99,"£41,131.57"
McKinstry Skip Hire Ltd,25/02/2016,BT29,Solid Biomass Boiler,199,"£16,752.55"
MCM Electrical Contracts Ltd,13/10/2015,BT45,Solid Biomass Boiler,43,"£5,495.24"
McMenamin Poultry Ltd,23/02/2016,BT78,Solid Biomass Boiler,199,"£7,685.80"
McMullan & O'Donnell Ltd,09/11/2015,BT71,Solid Biomass Boiler,99,"£23,458.70"
McMullan & O'Donnell Ltd,17/11/2015,BT71,Solid Biomass Boiler,99,"£20,146.62"
MD Electrical Ltd,10/11/2015,BT79,Solid Biomass Boiler,99,"£42,920.37"
MD Electrical Ltd,10/11/2015,BT79,Solid Biomass Boiler,99,"£43,916.26"
Meegan Enterprises Ltd,24/02/2016,BT78,Solid Biomass Boiler,199,"£7,842.02"
Merit Retail Ltd T/A Cottage Care Home,22/10/2015,BT45,Solid Biomass Boiler,99,"£38,477.19"
Merit Retail Ltd T/A Kilwee Care Home,22/10/2015,BT45,Solid Biomass Boiler,99,"£20,736.94"
Meteor Electrical Ltd,23/10/2015,BT80,Solid Biomass Boiler,49,"£11,601.29"
Meteor Electrical Ltd,23/10/2015,BT80,Solid Biomass Boiler,99,"£20,123.43"
Meteor Electrical Ltd,23/10/2015,BT80,Solid Biomass Boiler,99,"£25,813.42"
MF Chickens LTD,20/10/2015,BT28,Solid Biomass Boiler,99,"£14,807.01"
MF Chickens LTD,20/10/2015,BT28,Solid Biomass Boiler,99,"£12,686.85"
Michael Nugent Ltd,03/03/2015,BT70,Solid Biomass Boiler,99,"£33,016.40"
Michael Nugent Ltd,16/10/2015,BT70,Solid Biomass Boiler,99,"£13,227.97"
MIGC Ltd,20/10/2015,BT23,Solid Biomass Boiler,99,"£11,609.56"
Milestone Rathfriland Ltd,07/09/2015,BT34,Solid Biomass Boiler,99,"£25,895.90"
Milestone Rathfriland Ltd,19/02/2016,BT34,Solid Biomass Boiler,180,"£11,288.45"
Millar Woodcraft Specialist Joinery Manufacture Ltd.,18/10/2015,BT41,Solid Biomass Boiler,99,"£43,861.02"
Millar Woodcraft Specialist Joinery Manufacture Ltd.,18/10/2015,BT41,Solid Biomass Boiler,25,"£2,831.92"
Miller Wholesale Ltd,31/10/2015,BT78,Solid Biomass Boiler,99,"£40,225.44"
Millton Mushrooms Ltd,11/03/2013,BT79,Solid Biomass Boiler,90,"£38,638.25"
Milltown Gravel Ltd,30/09/2015,BT78,Solid Biomass Boiler,88,"£26,180.24"
Milltown Gravel Ltd,30/09/2015,BT78,Solid Biomass Boiler,88,"£35,911.91"
Milltown Gravel Ltd,30/09/2015,BT78,Solid Biomass Boiler,88,"£39,049.65"
MK Surface Treatment Ltd,09/11/2015,BT80,Solid Biomass Boiler,99,"£26,226.83"
MK Surface Treatment Ltd,09/11/2015,BT80,Solid Biomass Boiler,99,"£34,677.95"
MMS NI Ltd,26/10/2015,BT41,Solid Biomass Boiler,99,"£15,061.92"
MMS NI Ltd,26/10/2015,BT41,Solid Biomass Boiler,99,"£15,630.63"
Moneymore Heritage Trust,30/10/2015,BT45,Solid Biomass Boiler,99,"£19,708.85"
Moore (Unidrill) Ltd,30/06/2014,BT53,Solid Biomass Boiler,99,"£71,804.01"
Moore Concrete Products Ltd,22/10/2015,BT42,Solid Biomass Boiler,99,"£32,174.58"
Moore Concrete Products Ltd,22/10/2015,BT42,Solid Biomass Boiler,99,"£22,333.39"
Moore Concrete Products Ltd,22/10/2015,BT42,Solid Biomass Boiler,99,"£41,860.52"
Moore Concrete Products Ltd,22/10/2015,BT42,Solid Biomass Boiler,99,"£38,358.46"
Moore Concrete Products Ltd,22/10/2015,BT42,Solid Biomass Boiler,99,"£33,437.88"
Moore Concrete Products Ltd,22/10/2015,BT42,Solid Biomass Boiler,99,"£24,915.26"
Moore Concrete Products Ltd,22/10/2015,BT42,Solid Biomass Boiler,99,"£34,672.30"
Moore Concrete Products Ltd,22/10/2015,BT42,Solid Biomass Boiler,99,"£38,355.02"
Moore Unidrill Ltd,30/06/2014,BT53,Solid Biomass Boiler,99,"£62,881.21"
Morrow Contracts Ltd,25/06/2014,BT05,Solid Biomass Boiler,97,"£56,876.00"
Mosshill Services Ltd,16/11/2015,BT41,Solid Biomass Boiler,99,"£6,990.92"
Mosshill Services Ltd,16/11/2015,BT41,Solid Biomass Boiler,99,"£1,120.00"
Mountain View Farm Ltd,09/08/2014,BT77,Solid Biomass Boiler,99,"£65,010.89"
Mountain View Farm Ltd,09/08/2014,BT77,Solid Biomass Boiler,99,"£69,629.70"
Mountain View Farm Ltd,09/08/2014,BT77,Solid Biomass Boiler,99,"£76,659.25"
Mountain View Farm Ltd,09/08/2014,BT77,Solid Biomass Boiler,99,"£69,385.51"
Mountain View Farm Ltd,09/12/2014,BT77,Solid Biomass Boiler,99,"£64,123.39"
Mountain View Farm Ltd,09/12/2014,BT77,Solid Biomass Boiler,99,"£53,000.79"
Mountain View Farm Ltd,09/12/2014,BT77,Solid Biomass Boiler,99,"£74,162.41"
Moy Park Ltd,26/02/2016,BT71,Solid Biomass Boiler,199,"£9,555.84"
Moy Park Ltd,29/02/2016,BT71,Solid Biomass Boiler,199,"£8,585.79"
MP Poultry Ltd,01/02/2015,BT70,Solid Biomass Boiler,99,"£81,279.24"
MP Poultry Ltd,01/02/2015,BT70,Solid Biomass Boiler,99,"£84,296.87"
MP Poultry Ltd,19/03/2015,BT70,Solid Biomass Boiler,99,"£68,583.43"
Mullan Poultry Ltd,03/07/2015,BT80,Solid Biomass Boiler,99,"£48,911.79"
Mullan Poultry Ltd,03/07/2015,BT80,Solid Biomass Boiler,99,"£38,059.74"
Mullinmore Poultry Ltd,08/11/2015,BT79,Solid Biomass Boiler,99,"£27,084.85"
Mullinmore Poultry Ltd,08/11/2015,BT79,Solid Biomass Boiler,99,"£28,057.78"
Murphy Joinery Ltd,26/10/2015,BT45,Solid Biomass Boiler,99,"£44,551.10"
Murphy Joinery Ltd,08/11/2015,BT45,Solid Biomass Boiler,60,"£12,614.38"
"National Council Of YMCA of Ireland, Greenhill YMCA",05/03/2015,BT33,Solid Biomass Boiler,60,"£12,352.17"
"National Council Of YMCA of Ireland, Greenhill YMCA",04/03/2015,BT33,Solid Biomass Boiler,60,"£13,741.67"
"National Council Of YMCA of Ireland, Greenhill YMCA",05/03/2015,BT33,Solid Biomass Boiler,45,"£15,512.80"
National Trust (Crom Estate),27/01/2014,BA14,Solid Biomass Boiler,99,"£31,564.68"
National Trust (Florence Court),28/05/2015,BA14,Solid Biomass Boiler,36,"£3,148.25"
National Trust (Giant's Causeway Visitors' Centre),23/02/2015,BA14,Ground Source Heat Pump (GSHP),71,"£8,634.47"
National Trust (Innisfee),30/11/2013,BA14,Solid Biomass Boiler,99,"£22,766.50"
National Trust (Springhill House),30/11/2013,BA14,Solid Biomass Boiler,80,"£22,717.76"
National Trust (Springhill),30/11/2013,BA14,Solid Biomass Boiler,30,"£4,133.90"
National Trust (The Argory),01/11/2015,BA14,Solid Biomass Boiler,95,"£6,005.90"
National Trust (The Argory),01/11/2015,BA14,Solid Biomass Boiler,35,"£3,448.73"
Natural Waste Management Ltd,16/03/2015,BT60,Solid Biomass Boiler,99,"£59,933.46"
Natural Waste Management Ltd,16/03/2015,BT60,Solid Biomass Boiler,99,"£60,117.64"
Natural Waste Management Ltd,12/10/2015,BT60,Solid Biomass Boiler,99,"£44,062.40"
Natural Waste Management Ltd,24/02/2016,BT60,Solid Biomass Boiler,60,"£2,363.93"
Nevin Electrics Ltd,09/11/2015,BT51,Solid Biomass Boiler,99,"£13,173.68"
Newell Stores (Coalisland) Ltd,26/10/2015,BT71,Solid Biomass Boiler,95,"£13,666.43"
Newell Stores (Coalisland) Ltd,26/10/2015,BT71,Solid Biomass Boiler,95,"£16,921.80"
Newell Stores (Dungannon) Ltd,26/10/2015,BT70,Solid Biomass Boiler,95,"£11,420.41"
Newell Stores (Dungannon) Ltd,26/10/2015,BT70,Solid Biomass Boiler,95,"£29,209.03"
NK Coatings Ltd,23/11/2014,BT36,Solid Biomass Boiler,99,"£10,564.55"
NK Coatings Ltd,23/11/2014,BT36,Solid Biomass Boiler,40,"£12,146.96"
NMC Haulage Ltd,09/11/2015,BT70,Solid Biomass Boiler,99,"£28,956.19"
NMC Haulage Ltd,09/11/2015,BT70,Solid Biomass Boiler,99,"£41,695.05"
NMC Haulage Ltd,10/11/2015,BT70,Solid Biomass Boiler,99,"£13,374.02"
Noel Smith Ltd,12/10/2014,BT70,Solid Biomass Boiler,99,"£92,151.89"
Noel Smith Ltd,12/10/2014,BT70,Solid Biomass Boiler,99,"£95,380.24"
Norhil Poultry Ltd,23/02/2016,BT75,Solid Biomass Boiler,199,"£6,750.79"
O Kane Plumbing and Electrics Limited,09/11/2015,BT80,Solid Biomass Boiler,99,"£8,211.59"
O Kane Plumbing and Electrics Limited,09/11/2015,BT80,Solid Biomass Boiler,99,"£10,273.84"
Oakgrove Cabins Ltd,30/10/2015,BT47,Solid Biomass Boiler,40,"£12,168.03"
Oakgrove Cabins ltd,28/02/2016,BT47,Solid Biomass Boiler,40,"£3,538.21"
Oakra Hardwood Flooring Ltd,02/06/2014,BT61,Solid Biomass Boiler,40,"£5,012.98"
Oakra Hardwood Flooring ltd,16/11/2015,BT61,Solid Biomass Boiler,60,"£3,045.65"
O'Neill's Irish International Sportswear Ltd,01/02/2016,BT82,Solid Biomass Boiler,95,"£6,768.58"
O'Neill's Irish International Sportswear Ltd,23/09/2015,BT82,Solid Biomass Boiler,95,"£7,720.78"
O'Neill's Irish International Sportswear Ltd,28/03/2015,BT82,Solid Biomass Boiler,95,"£12,269.19"
O'Neill's Irish International Sportswear Ltd,23/02/2016,BT82,Solid Biomass Boiler,95,£650.04
O'Neill's Irish International Sportswear Ltd,23/02/2016,BT82,Solid Biomass Boiler,95,"£2,613.62"
O'Neill's Irish International Sportswear Ltd,23/02/2016,BT82,Solid Biomass Boiler,95,"£2,646.34"
Orchard Mushrooms Ltd,07/12/2013,BT35,Solid Biomass Boiler,95,"£26,906.67"
Orchard Mushrooms Ltd,07/12/2013,BT35,Solid Biomass Boiler,99,"£28,891.82"
Orchard Mushrooms Ltd,07/12/2013,BT35,Solid Biomass Boiler,95,"£34,204.37"
Orchard Mushrooms Ltd,13/11/2013,BT35,Solid Biomass Boiler,99,"£36,618.32"
Orchard Mushrooms Ltd,28/10/2015,BT61,Solid Biomass Boiler,99,"£34,766.81"
Orchard Mushrooms Ltd,28/10/2015,BT61,Solid Biomass Boiler,99,"£42,945.86"
Patterson Caravans Ltd,11/09/2015,BT82,Solid Biomass Boiler,50,"£7,294.25"
Paul Hobson Ltd,28/08/2013,BT71,Solid Biomass Boiler,93,"£5,389.35"
Paul Hobson Ltd,21/08/2013,BT71,Solid Biomass Boiler,93,"£5,425.34"
Paul Hobson Ltd,08/07/2013,BT71,Solid Biomass Boiler,99,"£7,208.36"
Paul Hobson Ltd,03/12/2013,BT71,Solid Biomass Boiler,60,"£51,047.46"
Paul Hobson Ltd,23/06/2014,BT71,Solid Biomass Boiler,60,"£52,486.08"
Paul Hobson Ltd,28/04/2014,BT71,Solid Biomass Boiler,60,"£52,754.06"
Paul Hobson Ltd,28/04/2014,BT71,Solid Biomass Boiler,60,"£53,198.03"
Paul Hobson Ltd,24/10/2013,BT71,Solid Biomass Boiler,60,"£53,715.43"
Paul Hobson Ltd,03/12/2013,BT71,Solid Biomass Boiler,60,"£54,380.24"
Paul Hobson Ltd,23/06/2014,BT71,Solid Biomass Boiler,60,"£54,809.38"
Paul Hobson Ltd,24/10/2013,BT71,Solid Biomass Boiler,60,"£56,002.77"
Paul Hobson Ltd,28/03/2014,BT71,Solid Biomass Boiler,99,"£100,857.06"
Paul Hobson Ltd,08/07/2013,BT71,Solid Biomass Boiler,99,"£112,267.25"
Peacock Farms Poultry Ltd,14/10/2015,BT82,Solid Biomass Boiler,99,"£53,126.92"
Peacock Farms Poultry Ltd,14/10/2015,BT82,Solid Biomass Boiler,99,"£54,188.21"
Peacock Farms Poultry Ltd,14/10/2015,BT82,Solid Biomass Boiler,99,"£54,155.28"
Peacock Farms Poultry Ltd,14/10/2015,BT82,Solid Biomass Boiler,99,"£56,757.26"
Peacock Farms Poultry Ltd,14/10/2015,BT82,Solid Biomass Boiler,99,"£56,489.45"
Peninsula Print & Design Ltd,26/09/2013,BT23,Solid Biomass Boiler,99,"£27,239.49"
Phillips Heating and Stoves Limited,29/09/2015,BT43,Solid Biomass Boiler,29,"£5,859.01"
PM Processing Ltd,02/10/2015,BT92,Solid Biomass Boiler,99,"£59,385.45"
PM Processing Ltd,14/10/2015,BT92,Solid Biomass Boiler,99,"£64,595.05"
Precision Heating NI Ltd,29/09/2015,BT32,Solid Biomass Boiler,48,"£7,582.40"
Premier Electrics Ltd,24/08/2013,BT45,Solid Biomass Boiler,99,"£31,630.67"
Prodrive Ireland LTD,27/10/2015,BT78,Solid Biomass Boiler,95,"£13,921.72"
Prodrive Ireland LTD,27/10/2015,BT78,Solid Biomass Boiler,95,"£14,933.90"
Prodrive Ireland LTD,27/10/2015,BT78,Solid Biomass Boiler,95,"£15,164.48"
Q Mac Silos Limited,27/10/2015,BT71,Solid Biomass Boiler,99,"£27,194.54"
Q Mac Silos Limited,27/10/2015,BT71,Solid Biomass Boiler,99,"£28,442.58"
R A Irwin And Co Ltd,09/04/2014,BT66,Solid Biomass Boiler,40,"£23,737.24"
R A Irwin And Co Ltd,24/06/2014,BT66,Solid Biomass Boiler,99,"£30,592.78"
R A Irwin And Co Ltd,28/10/2015,BT66,Solid Biomass Boiler,99,"£33,383.21"
R A Irwin And Co Ltd,24/06/2014,BT66,Solid Biomass Boiler,99,"£38,796.39"
R A Irwin And Co Ltd,27/10/2015,BT66,Solid Biomass Boiler,99,"£48,067.25"
R&M Greenkeeper Ltd,05/11/2015,BT80,Solid Biomass Boiler,99,"£25,557.09"
R&M Greenkeeper Ltd,05/11/2015,BT80,Solid Biomass Boiler,99,"£26,581.75"
R&S Biomass Equipment Ltd,14/11/2015,BT78,Solid Biomass Boiler,99,"£3,707.65"
R&S Biomass Equipment Ltd,06/04/2014,BT78,Solid Biomass Boiler,99,"£20,733.10"
R. Thompson & Son Ltd,28/10/2015,BT60,Solid Biomass Boiler,99,"£25,926.22"
Rafferty Poultry Ltd,28/04/2015,BT70,Solid Biomass Boiler,99,"£54,996.79"
Rafferty Poultry Ltd,28/04/2015,BT70,Solid Biomass Boiler,99,"£54,965.72"
Rafferty Poultry Ltd,28/04/2015,BT70,Solid Biomass Boiler,99,"£63,410.98"
Ranaghan Poultry LLP,26/10/2014,BT41,Solid Biomass Boiler,99,"£34,249.99"
Ranaghan Poultry LLP,14/12/2013,BT41,Solid Biomass Boiler,96,"£59,267.18"
Randal Livingstone Ltd,10/12/2014,BT68,Solid Biomass Boiler,99,"£57,797.46"
Randal Livingstone Ltd,10/12/2014,BT68,Solid Biomass Boiler,99,"£56,639.90"
Randal Livingstone Ltd,04/11/2015,BT68,Solid Biomass Boiler,99,"£14,556.60"
Randal Livingstone Ltd,04/11/2015,BT68,Solid Biomass Boiler,99,"£13,749.26"
Raymond Turkington (Decorations) Ltd,09/11/2015,BT80,Solid Biomass Boiler,99,"£12,243.88"
Raymond Turkington (Decorations) Ltd,09/11/2015,BT80,Solid Biomass Boiler,99,"£9,523.20"
Raymond Turkington Dec Ltd,28/11/2014,BT80,Solid Biomass Boiler,99,"£21,305.17"
Renewable Heat Generation Limited,16/09/2014,BT20,Solid Biomass Boiler,90,"£31,277.33"
Renewable Heat Generation Limited,16/09/2014,BT61,Solid Biomass Boiler,90,"£65,149.94"
Renewable Heat Generation Limited,16/09/2014,BT70,Solid Biomass Boiler,90,"£41,255.96"
Renewable Heat Generation Limited,16/09/2014,BT74,Solid Biomass Boiler,90,"£56,986.36"
Rhylands Nursing Home Ltd,13/10/2015,BT42,Solid Biomass Boiler,99,"£38,204.55"
Riada NI Limited,12/12/2013,BT04,Solid Biomass Boiler,64,"£15,991.46"
Rice's Supermarket Ltd,03/11/2015,BT60,Solid Biomass Boiler,99,"£18,514.51"
RJ Smyth Engineering Ltd.,27/10/2015,Bt78,Solid Biomass Boiler,95,"£51,757.03"
RJ Smyth Engineering Ltd.,27/10/2015,BT78,Solid Biomass Boiler,95,"£36,471.66"
Road Safety Contracts Limited,30/10/2015,BT46,Solid Biomass Boiler,99,"£19,102.43"
Robinson NI Ltd,20/10/2015,BT47,Solid Biomass Boiler,95,"£47,824.74"
Rockmount Enterprises Ltd,10/07/2015,BT08,Solid Biomass Boiler,99,"£27,588.17"
ROL Testing Ltd,15/02/2013,BT70,Solid Biomass Boiler,40,"£19,873.24"
Rossfad Consultancy Services LTD,10/10/2015,BT94,Solid Biomass Boiler,99,"£14,105.41"
Rosspark Hotel,05/05/2015,BT42,Solid Biomass Boiler,99,"£35,148.71"
Rowan Renewables Ltd,29/02/2016,BT81,Solid Biomass Boiler,199,"£5,959.55"
RTC Engineering LTD,27/10/2015,BT80,Solid Biomass Boiler,99,"£38,971.42"
RW Pierce Group Ltd,30/11/2013,BT03,Solid Biomass Boiler,99,"£57,728.22"
Sainsbury's (Bangor Balloo),28/06/2013,BT19,Solid Biomass Boiler,630,"£45,127.80"
Sainsbury's (Coleraine),20/05/2013,BT51,Solid Biomass Boiler,520,"£45,146.28"
Sainsbury's (Craigavon),10/06/2013,BT64,Solid Biomass Boiler,580,"£24,221.85"
Sainsbury's (Sprucefield),24/10/2014,BT27,Solid Biomass Boiler,580,"£53,345.91"
Sainsbury's (Strand Road),20/05/2013,BT48,Solid Biomass Boiler,520,"£51,611.56"
Sallyridge Produce Ltd,28/10/2015,BT61,Solid Biomass Boiler,99,"£12,709.08"
Sam Creith Motors Ltd,16/10/2015,BT53,Solid Biomass Boiler,31,"£11,593.00"
Sandhill Properties Ltd,08/11/2015,BT39,Solid Biomass Boiler,99,"£24,687.26"
Sandhill Properties Ltd,08/11/2015,BT39,Solid Biomass Boiler,99,"£22,216.28"
Sandhill Properties Ltd,08/11/2015,BT39,Solid Biomass Boiler,99,"£14,417.39"
Sandvik Limited T/As Sandvik Construction Mobile Crushers and Screens,03/11/2015,BT70,Solid Biomass Boiler,99,"£9,683.68"
Sayers Engineering Ltd,30/10/2015,BT08,Solid Biomass Boiler,99,"£37,476.83"
Scott and Ewing LTD,18/12/2014,BT79,Solid Biomass Boiler,49,"£17,403.80"
Scott and Ewing LTD,17/06/2015,BT79,Solid Biomass Boiler,99,"£27,863.73"
Scott and Ewing LTD,02/11/2015,BT79,Solid Biomass Boiler,49,"£6,619.08"
Scott and Ewing LTD,11/11/2015,BT79,Solid Biomass Boiler,49,"£3,699.40"
SDC Trailers Ltd,19/05/2015,BT41,Solid Biomass Boiler,99,"£19,545.11"
SDC Trailers Ltd,01/06/2015,BT41,Solid Biomass Boiler,50,"£7,157.15"
SDC Trailers Ltd,07/09/2015,BT41,Solid Biomass Boiler,99,"£25,529.28"
SDC Trailers Ltd,16/07/2015,BT41,Solid Biomass Boiler,99,"£2,477.47"
Sean & Kathleen Kerr Ltd,24/03/2015,BT79,Solid Biomass Boiler,99,"£66,777.42"
Sean & Kathleen Kerr Ltd,24/03/2015,BT79,Solid Biomass Boiler,99,"£66,651.55"
Sean & Kathleen Kerr Ltd,24/03/2015,BT79,Solid Biomass Boiler,99,"£66,560.13"
Sean & Kathleen Kerr Ltd,24/03/2015,BT79,Solid Biomass Boiler,99,"£66,943.90"
SEK Limited,23/02/2016,BT34,Solid Biomass Boiler,199,"£8,856.83"
SEK Limited,23/02/2016,BT34,Solid Biomass Boiler,199,"£8,798.14"
Shanes Castle Estates Company Limited,01/10/2015,BT41,Solid Biomass Boiler,99,"£15,544.32"
Shankill Parish Caring Association,10/03/2015,BT66,Solid Biomass Boiler,99,"£30,274.08"
Share Discovery Village,23/10/2015,BT92,Solid Biomass Boiler,99,"£17,387.88"
Share Discovery Village,23/10/2015,BT92,Solid Biomass Boiler,99,"£13,374.73"
Share Discovery Village,23/10/2015,BT92,Solid Biomass Boiler,99,"£18,060.44"
Share Discovery Village,23/10/2015,BT92,Solid Biomass Boiler,99,"£19,166.50"
Shelbourne Motors Ltd,13/03/2015,BT62,Solid Biomass Boiler,40,"£5,812.15"
Shelbourne Motors Ltd,24/04/2015,BT62,Solid Biomass Boiler,99,"£17,460.46"
Shelbourne Motors Ltd,05/05/2015,BT62,Solid Biomass Boiler,99,"£18,223.50"
Shelbourne Motors Ltd,22/05/2014,BT62,Solid Biomass Boiler,99,"£43,319.19"
Shergrim Recycling Ltd,09/11/2015,BT79,Solid Biomass Boiler,99,"£36,259.38"
Shergrim Recycling Ltd,09/11/2015,BT79,Solid Biomass Boiler,99,"£40,224.09"
Shergrim Recycling Ltd,09/11/2015,BT79,Solid Biomass Boiler,99,"£35,814.67"
Shergrim Recycling Ltd,09/11/2015,BT79,Solid Biomass Boiler,99,"£31,238.32"
Silverwood Enterprise Limited,21/08/2015,BT66,Solid Biomass Boiler,25,"£7,204.32"
Silverwood Enterprise Limited,12/10/2015,BT66,Solid Biomass Boiler,99,"£32,145.25"
Silverwood Enterprise Limited,12/10/2015,BT66,Solid Biomass Boiler,99,"£47,608.01"
Skea Egg Farms Ltd.,26/08/2015,BT70,Solid Biomass Boiler,49,"£7,612.20"
Skea Egg Farms Ltd.,25/08/2015,BT70,Solid Biomass Boiler,95,"£20,337.25"
Skye Body Repair Ltd,21/10/2015,BT70,Solid Biomass Boiler,80,"£20,880.57"
Slatequarry Farms Ltd,10/11/2015,BT70,Solid Biomass Boiler,99,"£13,445.30"
Slatequarry Farms Ltd,10/11/2015,BT70,Solid Biomass Boiler,60,"£6,153.28"
Slemish Barn Ltd,08/02/2015,BT42,Solid Biomass Boiler,45,"£7,375.26"
Smyth Green Energy Ltd,17/11/2015,BT92,Solid Biomass Boiler,99,"£30,364.69"
Solmatix Ltd,17/04/2015,BT29,Solid Biomass Boiler,28,"£5,227.45"
Spa Nursing Homes Ltd,20/05/2014,BT05,Solid Biomass Boiler,99,"£58,539.57"
Spa Nursing Homes Ltd,28/04/2015,BT05,Solid Biomass Boiler,99,"£22,322.85"
Spa Nursing Homes Ltd,28/02/2016,BT05,Solid Biomass Boiler,199,"£2,506.53"
Spa Nursing Homes Ltd (Carryduff Nursing Home),10/11/2014,BT05,Solid Biomass Boiler,99,"£20,622.86"
Spa Nursing Homes Ltd (Redburn Nursing Home),17/07/2014,BT05,Solid Biomass Boiler,99,"£32,891.42"
Spark Enterprises Ltd,13/03/2014,BT93,Solid Biomass Boiler,96,"£42,893.27"
Spark Enterprises Ltd,02/11/2015,BT93,Solid Biomass Boiler,96,"£7,574.22"
Spark Enterprises Ltd,03/11/2015,BT93,Solid Biomass Boiler,80,"£2,537.86"
Spark Enterprises Ltd,03/11/2015,BT93,Solid Biomass Boiler,80,"£3,648.16"
Spark Enterprises Ltd,03/11/2015,BT93,Solid Biomass Boiler,80,"£4,579.43"
Sperrin Switchgear Ltd,16/01/2015,BT45,Solid Biomass Boiler,99,"£12,103.29"
St James of Jerusalem Mullaghbrack,30/10/2013,BT60,Solid Biomass Boiler,80,"£5,748.38"
Stanley Livingstone Ltd,08/12/2014,BT60,Solid Biomass Boiler,99,"£59,123.28"
Stanley Livingstone Ltd,08/12/2014,BT60,Solid Biomass Boiler,99,"£53,209.68"
Stanley Livingstone Ltd,05/11/2015,BT60,Solid Biomass Boiler,99,"£5,773.35"
Stanley Livingstone Ltd,05/11/2015,BT60,Solid Biomass Boiler,99,"£8,963.63"
Stephens Catering Equipment Co Ltd,23/10/2015,BT42,Solid Biomass Boiler,99,"£20,252.76"
Stephens Catering Equipment Co Ltd,09/10/2015,BT94,Solid Biomass Boiler,99,"£52,295.96"
Stephens Catering Equipment Co Ltd,09/10/2015,BT94,Solid Biomass Boiler,99,"£51,967.73"
Stephens Catering Equipment Co Ltd,09/10/2015,BT94,Solid Biomass Boiler,99,"£50,708.91"
Stephens Catering Equipment Co Ltd,09/10/2015,BT94,Solid Biomass Boiler,99,"£53,637.02"
Stillago Mushrooms Ltd,28/01/2014,BT71,Solid Biomass Boiler,95,"£32,128.45"
Strangford Lough Yacht,10/11/2015,BT23,Solid Biomass Boiler,99,"£6,460.92"
Strathroy Dairies Ltd,30/10/2015,BT79,Solid Biomass Boiler,99,"£28,650.96"
Strathroy Dairies Ltd,30/10/2015,BT79,Solid Biomass Boiler,99,"£30,876.52"
Supermix Ltd,23/10/2015,BT78,Solid Biomass Boiler,95,"£17,420.94"
Supermix Ltd,30/09/2015,BT78,Solid Biomass Boiler,88,"£22,000.31"
Supermix Ltd,23/10/2015,BT78,Solid Biomass Boiler,95,"£22,727.74"
T.C. Autos LTD,22/10/2015,BT79,Solid Biomass Boiler,99,"£30,367.17"
Tempo Web Ltd,30/10/2015,BT94,Solid Biomass Boiler,99,"£14,417.38"
The Beeches P&T Services Ltd,26/04/2015,BT67,Solid Biomass Boiler,99,"£34,120.95"
The Irish Landmark Trust Ltd,29/06/2015,BT34,Solid Biomass Boiler,60,"£5,547.74"
The Pallet Centre Limited,30/10/2015,BT36,Solid Biomass Boiler,90,"£19,317.14"
The Ryandale Inn (Moy) Ltd,06/11/2015,BT71,Solid Biomass Boiler,80,"£22,535.30"
The Tilery Ltd,09/11/2015,BT92,Solid Biomass Boiler,99,"£15,455.02"
TIC Poultry Ltd,02/11/2015,BT78,Solid Biomass Boiler,99,"£33,846.46"
TIC Poultry Ltd,02/11/2015,BT78,Solid Biomass Boiler,99,"£36,969.50"
TIC Poultry Ltd,02/11/2015,BT78,Solid Biomass Boiler,99,"£38,314.76"
TIC Poultry Ltd,02/11/2015,BT78,Solid Biomass Boiler,99,"£20,620.85"
TIC Poultry Ltd,02/11/2015,BT78,Solid Biomass Boiler,99,"£19,903.30"
Tobermore Concrete Products Limited,26/10/2015,BT45,Solid Biomass Boiler,60,"£12,654.19"
Tobin Ltd,13/11/2014,BT80,Solid Biomass Boiler,99,"£34,290.95"
Tri Met Engineering Ltd,09/11/2015,BT80,Solid Biomass Boiler,99,£73.22
Tri Met Engineering Ltd,09/12/2013,BT80,Solid Biomass Boiler,28,"£8,442.97"
Tri Met Engineering Ltd,03/03/2015,BT80,Solid Biomass Boiler,99,"£10,827.49"
Tullygoney Engineering & Fabrication Ltd,12/10/2015,BT71,Solid Biomass Boiler,99,"£32,761.32"
Tullysaran Farms Ltd,03/09/2015,BT61,Solid Biomass Boiler,99,"£28,678.82"
Tullysaran Farms Ltd,03/09/2015,BT61,Solid Biomass Boiler,99,"£35,090.50"
Tullysaran Farms Ltd,04/07/2014,BT61,Solid Biomass Boiler,99,"£52,709.17"
Tullysaran Farms Ltd,04/07/2014,BT61,Solid Biomass Boiler,99,"£58,123.77"
Tullysaran Farms Ltd,04/07/2014,BT61,Solid Biomass Boiler,99,"£59,414.09"
Tullysaran Farms Ltd,04/07/2014,BT61,Solid Biomass Boiler,99,"£60,939.96"
Turfahun Farm Ltd,08/10/2015,BT57,Solid Biomass Boiler,99,"£34,719.74"
Turfahun Farm Ltd,24/10/2015,BT57,Solid Biomass Boiler,99,"£6,327.05"
Turfahun Farm Ltd,24/10/2015,BT57,Solid Biomass Boiler,99,"£5,295.22"
Ultra Spreader International Ltd T/A Ultraplant Ltd,07/10/2015,BT71,Solid Biomass Boiler,99,"£23,341.80"
Unicorn Containers Limited,18/12/2014,BT28,Solid Biomass Boiler,99,"£54,553.23"
Unicorn Containers Limited,18/12/2014,BT28,Solid Biomass Boiler,99,"£51,236.94"
Valley Services (NI) Ltd,26/10/2015,BT74,Solid Biomass Boiler,99,"£48,358.52"
Valley Services (NI) Ltd,26/10/2015,BT74,Solid Biomass Boiler,99,"£48,833.00"
Valley Services (NI) Ltd,26/10/2015,BT74,Solid Biomass Boiler,99,"£48,856.88"
Valley Services (NI) Ltd,26/10/2015,BT74,Solid Biomass Boiler,99,"£51,878.77"
Valley Services (NI) Ltd,26/10/2015,BT74,Solid Biomass Boiler,99,"£53,173.83"
Valley Services (NI) Ltd,26/10/2015,BT74,Solid Biomass Boiler,99,"£54,528.59"
Vicoran Limited,15/09/2015,BT04,Solid Biomass Boiler,70,"£14,008.29"
Vision Heat Solutions Limited,30/10/2015,BT42,Solid Biomass Boiler,60,"£9,453.79"
Vision Heat Solutions Limited,15/10/2015,BT42,Solid Biomass Boiler,99,"£13,651.66"
Vision Heat Solutions Limited,29/10/2015,BT42,Solid Biomass Boiler,95,"£15,404.65"
Vision Heat Solutions Limited,30/10/2015,BT42,Solid Biomass Boiler,95,"£16,322.61"
Vision Heat Solutions Limited,11/03/2015,BT42,Solid Biomass Boiler,99,"£32,756.94"
Vision Heat Solutions Limited,11/11/2015,BT42,Solid Biomass Boiler,98,"£33,670.82"
Vision Heat Solutions Limited,11/11/2015,BT42,Solid Biomass Boiler,98,"£35,857.10"
Vision Heat Solutions Limited,11/07/2014,BT42,Solid Biomass Boiler,97,"£48,959.35"
W & A Nixon & Sons Ltd,26/02/2016,BT82,Solid Biomass Boiler,199,"£5,682.95"
W J Hanna Machinery LTD,23/10/2015,BT45,Solid Biomass Boiler,99,"£24,504.12"
Warmflow Engineering Co Ltd,03/11/2015,BT28,Solid Biomass Boiler,90,"£15,385.54"
Warmflow Engineering Co Ltd,03/11/2015,BT28,Solid Biomass Boiler,90,"£13,290.92"
Warmflow Engineering Co Ltd,03/11/2015,BT28,Solid Biomass Boiler,90,"£24,936.44"
Warmflow Engineering Co Ltd,03/11/2015,BT28,Solid Biomass Boiler,90,"£17,747.58"
Warmflow Engineering Co Ltd,03/11/2015,BT28,Solid Biomass Boiler,90,"£14,392.24"
Warmflow Engineering Co Ltd,03/11/2015,BT28,Solid Biomass Boiler,90,"£16,629.45"
Westville Hotel Limited,07/01/2015,BT74,Solid Biomass Boiler,99,"£33,136.21"
William Bell Tractors Ltd,05/11/2015,BT75,Solid Biomass Boiler,99,"£10,972.40"
Wilson Poultry Ltd,23/02/2016,BT92,Solid Biomass Boiler,198,"£12,384.85"
Wilson Property Ltd,21/03/2014,BT41,Solid Biomass Boiler,97,"£24,116.56"
Winters Renewables Ltd,06/02/2015,BT78,Solid Biomass Boiler,99,"£55,603.60"
Winters Renewables Ltd,06/02/2015,BT78,Solid Biomass Boiler,99,"£48,986.02"
Winters Renewables Ltd,22/09/2015,BT78,Solid Biomass Boiler,99,"£28,321.73"
Woodland Kitchens (N.I.) Ltd,03/11/2015,BT44,Solid Biomass Boiler,95,"£11,811.21"
Woodland Kitchens (N.I.) Ltd,03/11/2015,BT44,Solid Biomass Boiler,95,"£16,208.70"
Woodland Kitchens (N.I.) Ltd,03/11/2015,BT44,Solid Biomass Boiler,95,"£22,270.75"
Woodland Kitchens (N.I.) Ltd,03/11/2015,BT44,Solid Biomass Boiler,95,"£24,337.67"
Woodvale Construction Company Ltd,27/10/2015,BT79,Solid Biomass Boiler,50,"£8,805.18"
Woodvale Construction Company Ltd,09/11/2015,BT79,Solid Biomass Boiler,99,"£17,016.91"
Woodvale Construction Company Ltd,09/11/2015,BT79,Solid Biomass Boiler,49,"£4,138.04"
Wrights Poultry Ltd,22/02/2016,BT77,Solid Biomass Boiler,199,"£13,727.99"
Wrights Poultry Ltd,22/02/2016,BT77,Solid Biomass Boiler,199,"£17,171.61"
Youth With A Mission (NI) Ltd,20/10/2015,BT34,Solid Biomass Boiler,99,"£10,892.78"
Youth With A Mission (NI) Ltd,20/10/2015,BT34,Solid Biomass Boiler,99,"£11,951.91"
